{
    "data" : {
        "imagePath" : "assets/images/",
        
        "audio" : {
            "audioPath" : "assets/media/audio/",
            
            "startingAudio" : "Drag and place the members who are applicable.mp3",
            "correct" : "That is correct, you have done a good job.mp3",
            "almostCorrect" : "You are almost correct.mp3",
            "incorrect" : "That's incorrect.mp3"
        },
		
		"feedBack" : {
            "correct" : "right.png",
            "incorrect" : "wrong.png"
        },

        "dragData" : [
            {   
                "id" : 1,
                "bgImage" : "HR_Induction_Mod-03_Objective7_01_button_01_normal.png",
                "key" : "Applicable individuals in POSH Policy"
            },
            {   
                "id" : 2,
                "bgImage" : "HR_Induction_Mod-03_Objective7_01_button_02_normal.png",
                "key" : "Applicable individuals in POSH Policy"
            },
            {   
                "id" : 3,
                "bgImage" : "HR_Induction_Mod-03_Objective7_01_button_03_normal.png",
                "key" : "Parties involved in POSH Policy"
            },
            {   
                "id" : 4,
                "bgImage" : "HR_Induction_Mod-03_Objective7_01_button_04_normal.png",
                "key" : "Parties involved in POSH Policy"
            },
            {   
                "id" : 5,
                "bgImage" : "HR_Induction_Mod-03_Objective7_01_button_05_normal.png",
                "key" : "Parties involved in POSH Policy"
            },
            {   
                "id" : 6,
                "bgImage" : "HR_Induction_Mod-03_Objective7_01_button_06_normal.png",
                "key" : "Applicable individuals in POSH Policy"
            }
        ],

        "dropData" : [
            {
                "id" : 1,
                "bay" : "Applicable individuals in POSH Policy"
            },
            {
                "id" : 2,
                "bay" : "Applicable individuals in POSH Policy"
            },
            {
                "id" : 3,
                "bay" : "Applicable individuals in POSH Policy"
            },
            {
                "id" : 4,
                "bay" : "Parties involved in POSH Policy"
            },
            {
                "id" : 5,
                "bay" : "Parties involved in POSH Policy"
            },
            {
                "id" : 6,
                "bay" : "Parties involved in POSH Policy"
            }
        ]
    }
}