{
    "data" : {
        "imagePath" : "assets/images/",
        
        "audio" : {
            "audioPath" : "assets/media/audio/",

            "actStartAudio" : "Hi, For unlocking this room door you should.mp3",
            "allCorrectAnswer" : "That is correct, you have done a good job.mp3",
            "incorrect" : "That's incorrect.mp3",
            "almostCorrect" : "You are almost correct.mp3"
        },

        "feedBack" : {
            "correct" : "right.png",
            "incorrect" : "wrong.png"
        },

        "dragData" : [
            {   
                "id" : 1,
                "text" : "Annual cultural program",
                "bgImage" : "dragger_01.png",
                "bgImage1" : "light_dragger_01.png",
                "key" : "Connexions"
            },
            {   
                "id" : 2,
                "text" : "Inviting family members",
                "bgImage" : "dragger_02.png",
                "bgImage1" : "light_dragger_02.png",
                "key" : "Connexions"
            },
            {   
                "id" : 3,
                "text" : "Initiated by our JMD",
                "bgImage" : "dragger_03.png",
                "bgImage1" : "light_dragger_03.png",
                "key" : "Annual Picnics"
            },
            {   
                "id" : 4,
                "text" : "Exploring physical activity talents",
                "bgImage" : "dragger_04.png",
                "bgImage1" : "light_dragger_04.png",
                "key" : "Sports day"
            },
            {   
                "id" : 5,
                "text" : "Empowerment of women Integrites",
                "bgImage" : "dragger_05.png",
                "bgImage1" : "light_dragger_05.png",
                "key" : "Annual Picnics"
            },
            {   
                "id" : 6,
                "text" : "Expose additional talents",
                "bgImage" : "dragger_06.png",
                "bgImage1" : "light_dragger_06.png",
                "key" : "Connexions"
            },
            {   
                "id" : 7,
                "text" : "Launched on Women’s Day",
                "bgImage" : "dragger_07.png",
                "bgImage1" : "light_dragger_07.png",
                "key" : "Annual Picnics"
            }
        ],

        "dropData" : [
            {
                "id" : 1,
                "bay" : "Annual Picnics"
            },
            {
                "id" : 2,
                "bay" : "Sports day"
            },
            {
                "id" : 3,
                "bay" : "Connexions"
            }
        ]
    }
}